,Features,FeatureValues
0,TitlePoints,0.101756246656
1,TotalFunds,0.096386573502
2,Investors1=Y Combinator,0.0598428670794
3,Sentiment,0.0393647777258
4,Market1=Curated Web,0.0324921456754
5,City=San Francisco,0.0244691735075
6,Market1=Mobile,0.0231662267053
7,Market1=Games,0.0179669927653
8,"City=San Francisco, New York City",0.017037770417
9,Market1=Social Media,0.0168057471194
